k,ecg_signal,ecg_signal_scaled,ecg_data_offset
0,-0.0101,-0.0393506493506494,1.38954545454545
1,-0.00834999999999997,-0.0325324675324674,1.39636363636364
2,-0.00854999999999995,-0.0333116883116881,1.39558441558442
3,-0.00495000000000001,-0.0192857142857143,1.40961038961039
4,-0.001,-0.0038961038961039,1.425
5,0.00180000000000002,0.00701298701298709,1.43590909090909
6,0.00470000000000004,0.0183116883116885,1.44720779220779
7,0.00570000000000004,0.0222077922077924,1.4511038961039
8,0.003,0.0116883116883117,1.44058441558442
9,0.000250000000000083,0.000974025974026297,1.42987012987013
10,-0.000599999999999934,-0.00233766233766208,1.42655844155844
11,0.000500000000000056,0.00194805194805217,1.43084415584416
12,0.00535000000000008,0.0208441558441562,1.44974025974026
13,0.00970000000000004,0.0377922077922079,1.46668831168831
14,0.0118,0.045974025974026,1.47487012987013
15,0.00875000000000004,0.0340909090909092,1.46298701298701
16,0.00445000000000007,0.0173376623376626,1.44623376623377
17,0.000800000000000023,0.00311688311688321,1.43201298701299
18,0.00175000000000003,0.00681818181818193,1.43571428571429
19,0.00385000000000002,0.0150000000000001,1.4438961038961
20,0.0081,0.0315584415584416,1.46045454545455
21,0.0114500000000001,0.04461038961039,1.47350649350649
22,0.01005,0.0391558441558442,1.46805194805195
23,0.0101,0.0393506493506494,1.46824675324675
24,0.0102000000000001,0.0397402597402601,1.46863636363636
25,0.01295,0.0504545454545455,1.47935064935065
26,0.0153000000000001,0.05961038961039,1.48850649350649
27,0.0144500000000001,0.0562987012987017,1.48519480519481
28,0.00914999999999999,0.0356493506493506,1.46454545454545
29,0.00695000000000001,0.0270779220779221,1.45597402597403
30,0.00680000000000003,0.0264935064935066,1.45538961038961
31,0.01165,0.0453896103896104,1.47428571428571
32,0.017,0.0662337662337662,1.49512987012987
33,0.02085,0.0812337662337662,1.51012987012987
34,0.024,0.0935064935064935,1.5224025974026
35,0.0218,0.0849350649350649,1.51383116883117
36,0.0185000000000001,0.0720779220779225,1.50097402597403
37,0.0146500000000001,0.0570779220779225,1.48597402597403
38,0.01295,0.0504545454545455,1.47935064935065
39,0.01275,0.0496753246753247,1.47857142857143
40,0.0168,0.0654545454545454,1.49435064935065
41,0.0192,0.0748051948051948,1.5037012987013
42,0.01905,0.0742207792207792,1.50311688311688
43,0.02015,0.0785064935064935,1.5074025974026
44,0.02225,0.0866883116883117,1.51558441558442
45,0.02615,0.101883116883117,1.53077922077922
46,0.0276000000000001,0.107532467532468,1.53642857142857
47,0.0271,0.105584415584416,1.53448051948052
48,0.02305,0.0898051948051948,1.5187012987013
49,0.019,0.074025974025974,1.50292207792208
50,0.0174000000000001,0.0677922077922082,1.49668831168831
51,0.0205000000000001,0.0798701298701303,1.50876623376623
52,0.02585,0.100714285714286,1.52961038961039
53,0.03225,0.125649350649351,1.55454545454545
54,0.03415,0.133051948051948,1.56194805194805
55,0.0292,0.113766233766234,1.54266233766234
56,0.02715,0.105779220779221,1.53467532467532
57,0.027,0.105194805194805,1.53409090909091
58,0.0257500000000001,0.100324675324676,1.52922077922078
59,0.0286500000000001,0.111623376623377,1.54051948051948
60,0.0326000000000001,0.127012987012987,1.55590909090909
61,0.034,0.132467532467532,1.56136363636364
62,0.03305,0.128766233766234,1.55766233766234
63,0.0321,0.125064935064935,1.55396103896104
64,0.03285,0.127987012987013,1.55688311688312
65,0.03385,0.131883116883117,1.56077922077922
66,0.0353,0.137532467532468,1.56642857142857
67,0.0378000000000001,0.147272727272728,1.57616883116883
68,0.0356500000000001,0.138896103896104,1.56779220779221
69,0.0329,0.128181818181818,1.55707792207792
70,0.0276000000000001,0.107532467532468,1.53642857142857
71,0.0297500000000001,0.115909090909091,1.54480519480519
72,0.0387500000000001,0.150974025974026,1.57987012987013
73,0.044,0.171428571428571,1.60032467532468
74,0.044,0.171428571428571,1.60032467532468
75,0.0391,0.152337662337662,1.58123376623377
76,0.0356500000000001,0.138896103896104,1.56779220779221
77,0.0305500000000001,0.119025974025974,1.54792207792208
78,0.0312,0.121558441558442,1.55045454545455
79,0.03515,0.136948051948052,1.56584415584416
80,0.0354500000000001,0.138116883116883,1.56701298701299
81,0.0324500000000001,0.126428571428572,1.55532467532468
82,0.0266000000000001,0.103636363636364,1.53253246753247
83,0.02305,0.0898051948051948,1.5187012987013
84,0.02185,0.0851298701298701,1.51402597402597
85,0.02195,0.0855194805194805,1.51441558441558
86,0.02095,0.0816233766233766,1.51051948051948
87,0.0207000000000001,0.080649350649351,1.50954545454545
88,0.0166500000000001,0.0648701298701303,1.49376623376623
89,0.01105,0.0430519480519481,1.47194805194805
90,0.0082000000000001,0.0319480519480523,1.46084415584416
91,0.01495,0.0582467532467532,1.48714285714286
92,0.0223500000000001,0.0870779220779225,1.51597402597403
93,0.02485,0.0968181818181818,1.52571428571429
94,0.02125,0.0827922077922078,1.51168831168831
95,0.0175000000000001,0.0681818181818186,1.49707792207792
96,0.01405,0.0547402597402597,1.48363636363636
97,0.0134000000000001,0.0522077922077926,1.4811038961039
98,0.0159,0.061948051948052,1.49084415584416
99,0.0181,0.0705194805194805,1.49941558441558
100,0.0251,0.0977922077922078,1.52668831168831
101,0.0317000000000001,0.123506493506494,1.5524025974026
102,0.0325500000000001,0.126818181818182,1.55571428571429
103,0.0338000000000001,0.131688311688312,1.56058441558442
104,0.0366000000000001,0.142597402597403,1.57149350649351
105,0.0397500000000001,0.15487012987013,1.58376623376623
106,0.0411,0.16012987012987,1.58902597402597
107,0.0384,0.14961038961039,1.57850649350649
108,0.0316500000000001,0.123311688311689,1.55220779220779
109,0.0267500000000001,0.10422077922078,1.53311688311688
110,0.0264000000000001,0.102857142857143,1.53175324675325
111,0.0343,0.133636363636364,1.56253246753247
112,0.0449000000000001,0.174935064935065,1.60383116883117
113,0.0495000000000001,0.192857142857143,1.62175324675325
114,0.04835,0.188376623376623,1.61727272727273
115,0.0398000000000001,0.155064935064935,1.58396103896104
116,0.03295,0.128376623376623,1.55727272727273
117,0.0285500000000001,0.111233766233767,1.54012987012987
118,0.0286500000000001,0.111623376623377,1.54051948051948
119,0.0306000000000001,0.11922077922078,1.54811688311688
120,0.03415,0.133051948051948,1.56194805194805
121,0.0356500000000001,0.138896103896104,1.56779220779221
122,0.0314500000000001,0.122532467532468,1.55142857142857
123,0.0275000000000001,0.107142857142858,1.53603896103896
124,0.0253,0.0985714285714286,1.52746753246753
125,0.0259,0.100909090909091,1.52980519480519
126,0.0259,0.100909090909091,1.52980519480519
127,0.0275500000000001,0.107337662337663,1.53623376623377
128,0.0262,0.102077922077922,1.53097402597403
129,0.01885,0.0734415584415584,1.50233766233766
130,0.00975000000000004,0.0379870129870131,1.46688311688312
131,0.01205,0.0469480519480519,1.47584415584416
132,0.0242,0.0942857142857143,1.52318181818182
133,0.0335000000000001,0.130519480519481,1.55941558441558
134,0.0349,0.135974025974026,1.56487012987013
135,0.02985,0.116298701298701,1.54519480519481
136,0.0215500000000001,0.0839610389610393,1.51285714285714
137,0.0146000000000001,0.0568831168831173,1.48577922077922
138,0.0104500000000001,0.0407142857142861,1.46961038961039
139,0.00905,0.0352597402597403,1.46415584415584
140,0.00930000000000009,0.0362337662337666,1.46512987012987
141,0.00790000000000002,0.0307792207792209,1.45967532467532
142,0.00245000000000006,0.00954545454545478,1.43844155844156
143,-0.000649999999999928,-0.00253246753246725,1.42636363636364
144,-4.99999999999945e-05,-0.000194805194805173,1.4287012987013
145,0.00520000000000009,0.0202597402597406,1.44915584415584
146,0.01,0.038961038961039,1.46785714285714
147,0.0114000000000001,0.0444155844155848,1.47331168831169
148,0.0081,0.0315584415584416,1.46045454545455
149,0.00295000000000001,0.0114935064935065,1.44038961038961
150,-0.000950000000000006,-0.00370129870129872,1.4251948051948
151,0.00285000000000002,0.0111038961038962,1.44
152,0.0103000000000001,0.0401298701298705,1.46902597402597
153,0.0143500000000001,0.0559090909090913,1.4848051948052
154,0.0142,0.0553246753246753,1.48422077922078
155,0.00995000000000001,0.0387662337662338,1.46766233766234
156,0.00725000000000009,0.0282467532467536,1.45714285714286
157,0.00845000000000007,0.0329220779220782,1.46181818181818
158,0.0114000000000001,0.0444155844155848,1.47331168831169
159,0.0163000000000001,0.0635064935064939,1.4924025974026
160,0.0205500000000001,0.0800649350649354,1.50896103896104
161,0.02015,0.0785064935064935,1.5074025974026
162,0.0214000000000001,0.0833766233766238,1.51227272727273
163,0.0231,0.09,1.5188961038961
164,0.0246500000000001,0.0960389610389614,1.52493506493507
165,0.0288,0.112207792207792,1.5411038961039
166,0.0307500000000001,0.119805194805195,1.5487012987013
167,0.0292,0.113766233766234,1.54266233766234
168,0.0232,0.0903896103896104,1.51928571428571
169,0.0166000000000001,0.0646753246753251,1.49357142857143
170,0.0112000000000001,0.043636363636364,1.47253246753247
171,0.0113500000000001,0.0442207792207796,1.47311688311688
172,0.0155000000000001,0.0603896103896108,1.48928571428571
173,0.0218,0.0849350649350649,1.51383116883117
174,0.0242,0.0942857142857143,1.52318181818182
175,0.02175,0.0847402597402597,1.51363636363636
176,0.0198,0.0771428571428572,1.50603896103896
177,0.0143500000000001,0.0559090909090913,1.4848051948052
178,0.00865000000000005,0.0337012987012989,1.4625974025974
179,0.00600000000000001,0.0233766233766234,1.45227272727273
180,0.00640000000000007,0.0249350649350652,1.45383116883117
181,0.00840000000000007,0.032727272727273,1.46162337662338
182,0.01065,0.0414935064935065,1.47038961038961
183,0.0129,0.0502597402597403,1.47915584415584
184,0.01705,0.0664285714285714,1.49532467532468
185,0.0247000000000001,0.0962337662337666,1.52512987012987
186,0.0289,0.112597402597403,1.54149350649351
187,0.0272,0.105974025974026,1.53487012987013
188,0.0235000000000001,0.0915584415584419,1.52045454545455
189,0.0171,0.0666233766233766,1.49551948051948
190,0.01075,0.0418831168831169,1.47077922077922
191,0.014,0.0545454545454545,1.48344155844156
192,0.0232,0.0903896103896104,1.51928571428571
193,0.0296500000000001,0.115519480519481,1.54441558441558
194,0.03,0.116883116883117,1.54577922077922
195,0.0285500000000001,0.111233766233767,1.54012987012987
196,0.0269,0.104805194805195,1.5337012987013
197,0.0214000000000001,0.0833766233766238,1.51227272727273
198,0.0176000000000001,0.068571428571429,1.49746753246753
199,0.0181,0.0705194805194805,1.49941558441558
200,0.0237000000000001,0.0923376623376627,1.52123376623377
201,0.0269,0.104805194805195,1.5337012987013
202,0.0255000000000001,0.0993506493506497,1.52824675324675
203,0.0236000000000001,0.0919480519480523,1.52084415584416
204,0.02095,0.0816233766233766,1.51051948051948
205,0.0172500000000001,0.0672077922077926,1.4961038961039
206,0.01475,0.0574675324675325,1.48636363636364
207,0.01075,0.0418831168831169,1.47077922077922
208,0.00640000000000007,0.0249350649350652,1.45383116883117
209,0.00405,0.0157792207792208,1.44467532467532
210,0.00565000000000004,0.0220129870129872,1.45090909090909
211,0.0121,0.0471428571428571,1.47603896103896
212,0.0184000000000001,0.0716883116883121,1.50058441558442
213,0.0192,0.0748051948051948,1.5037012987013
214,0.01385,0.053961038961039,1.48285714285714
215,0.00945000000000007,0.0368181818181821,1.46571428571429
216,0.00830000000000009,0.0323376623376627,1.46123376623377
217,0.00885000000000002,0.0344805194805196,1.46337662337662
218,0.0117,0.0455844155844156,1.47448051948052
219,0.0131,0.051038961038961,1.47993506493506
220,0.01505,0.0586363636363636,1.48753246753247
221,0.0168,0.0654545454545454,1.49435064935065
222,0.0142,0.0553246753246753,1.48422077922078
223,0.01095,0.0426623376623377,1.47155844155844
224,0.0114000000000001,0.0444155844155848,1.47331168831169
225,0.0174000000000001,0.0677922077922082,1.49668831168831
226,0.0218,0.0849350649350649,1.51383116883117
227,0.0195000000000001,0.0759740259740264,1.50487012987013
228,0.0125000000000001,0.0487012987012991,1.4775974025974
229,0.00320000000000009,0.0124675324675328,1.44136363636364
230,-0.00414999999999999,-0.0161688311688311,1.41272727272727
231,-0.000849999999999906,-0.00331168831168795,1.42558441558442
232,0.0092000000000001,0.0358441558441562,1.46474025974026
233,0.0164000000000001,0.0638961038961043,1.49279220779221
234,0.0215000000000001,0.0837662337662342,1.51266233766234
235,0.0214000000000001,0.0833766233766238,1.51227272727273
236,0.0195500000000001,0.0761688311688316,1.50506493506494
237,0.0154500000000001,0.0601948051948056,1.48909090909091
238,0.0112000000000001,0.043636363636364,1.47253246753247
239,0.0092000000000001,0.0358441558441562,1.46474025974026
240,0.01,0.038961038961039,1.46785714285714
241,0.0115000000000001,0.0448051948051952,1.4737012987013
242,0.00965000000000005,0.0375974025974028,1.46649350649351
243,0.00970000000000004,0.0377922077922079,1.46668831168831
244,0.0126000000000001,0.0490909090909095,1.47798701298701
245,0.0176000000000001,0.068571428571429,1.49746753246753
246,0.0209,0.0814285714285714,1.51032467532468
247,0.0222,0.0864935064935065,1.51538961038961
248,0.0201,0.0783116883116883,1.50720779220779
249,0.0174000000000001,0.0677922077922082,1.49668831168831
250,0.0141,0.0549350649350649,1.48383116883117
251,0.01875,0.073051948051948,1.50194805194805
252,0.0267000000000001,0.104025974025974,1.53292207792208
253,0.0269,0.104805194805195,1.5337012987013
254,0.0212,0.0825974025974026,1.51149350649351
255,0.014,0.0545454545454545,1.48344155844156
256,0.0107,0.0416883116883117,1.47058441558442
257,0.00740000000000007,0.0288311688311691,1.45772727272727
258,0.00960000000000005,0.0374025974025976,1.4662987012987
259,0.0138,0.0537662337662338,1.48266233766234
260,0.01915,0.0746103896103896,1.50350649350649
261,0.023,0.0896103896103896,1.51850649350649
262,0.0214500000000001,0.083571428571429,1.51246753246753
263,0.0176000000000001,0.068571428571429,1.49746753246753
264,0.0131,0.051038961038961,1.47993506493506
265,0.00795000000000001,0.030974025974026,1.45987012987013
266,0.00680000000000003,0.0264935064935066,1.45538961038961
267,0.00990000000000002,0.0385714285714286,1.46746753246753
268,0.00855000000000006,0.0333116883116885,1.46220779220779
269,0.00665000000000004,0.0259090909090911,1.45480519480519
270,0.00350000000000006,0.0136363636363639,1.44253246753247
271,0.00705,0.0274675324675325,1.45636363636364
272,0.0122500000000001,0.0477272727272731,1.47662337662338
273,0.0114500000000001,0.04461038961039,1.47350649350649
274,0.00825000000000009,0.0321428571428575,1.46103896103896
275,0.00545000000000007,0.0212337662337665,1.45012987012987
276,0.00505,0.0196753246753247,1.44857142857143
277,0.00750000000000006,0.0292207792207795,1.45811688311688
278,0.0109,0.0424675324675325,1.47136363636364
279,0.01065,0.0414935064935065,1.47038961038961
280,0.0112500000000001,0.0438311688311692,1.47272727272727
281,0.01195,0.0465584415584416,1.47545454545455
282,0.0103500000000001,0.0403246753246757,1.46922077922078
283,0.00880000000000003,0.0342857142857144,1.46318181818182
284,0.00825000000000009,0.0321428571428575,1.46103896103896
285,0.00905,0.0352597402597403,1.46415584415584
286,0.00825000000000009,0.0321428571428575,1.46103896103896
287,0.01005,0.0391558441558442,1.46805194805195
288,0.01095,0.0426623376623377,1.47155844155844
289,0.00650000000000006,0.0253246753246756,1.45422077922078
290,0.00190000000000001,0.00740259740259744,1.4362987012987
291,0.00335000000000008,0.0130519480519484,1.44194805194805
292,0.00870000000000004,0.033896103896104,1.46279220779221
293,0.014,0.0545454545454545,1.48344155844156
294,0.018,0.0701298701298701,1.49902597402597
295,0.0158,0.0615584415584416,1.49045454545455
296,0.0104000000000001,0.0405194805194809,1.46941558441558
297,0.00285000000000002,0.0111038961038962,1.44
298,0.000750000000000028,0.00292207792207803,1.43181818181818
299,0.00230000000000008,0.00896103896103927,1.43785714285714
300,0.00580000000000003,0.0225974025974027,1.45149350649351
301,0.01015,0.0395454545454545,1.46844155844156
302,0.00980000000000003,0.0381818181818183,1.46707792207792
303,0.00870000000000004,0.033896103896104,1.46279220779221
304,0.00975000000000004,0.0379870129870131,1.46688311688312
305,0.01215,0.0473376623376623,1.47623376623377
306,0.013,0.0506493506493506,1.47954545454545
307,0.0133000000000001,0.0518181818181822,1.48071428571429
308,0.00950000000000006,0.0370129870129872,1.46590909090909
309,0.00609999999999999,0.0237662337662337,1.45266233766234
310,0.00530000000000008,0.020649350649351,1.44954545454545
311,0.0092000000000001,0.0358441558441562,1.46474025974026
312,0.0131,0.051038961038961,1.47993506493506
313,0.01375,0.0535714285714286,1.48246753246753
314,0.0157,0.0611688311688312,1.49006493506493
315,0.0141,0.0549350649350649,1.48383116883117
316,0.0106000000000001,0.0412987012987017,1.47019480519481
317,0.00914999999999999,0.0356493506493506,1.46454545454545
318,0.01305,0.0508441558441558,1.47974025974026
319,0.0163500000000001,0.0637012987012991,1.4925974025974
320,0.0175500000000001,0.0683766233766238,1.49727272727273
321,0.0172,0.067012987012987,1.49590909090909
322,0.0135500000000001,0.0527922077922082,1.48168831168831
323,0.01395,0.0543506493506494,1.48324675324675
324,0.0181,0.0705194805194805,1.49941558441558
325,0.0252,0.0981818181818182,1.52707792207792
326,0.03195,0.124480519480519,1.55337662337662
327,0.03295,0.128376623376623,1.55727272727273
328,0.02815,0.109675324675325,1.53857142857143
329,0.02385,0.0929220779220779,1.52181818181818
330,0.0231,0.09,1.5188961038961
331,0.0288,0.112207792207792,1.5411038961039
332,0.0376000000000001,0.146493506493507,1.57538961038961
333,0.04325,0.168506493506493,1.5974025974026
334,0.04395,0.171233766233766,1.60012987012987
335,0.0395500000000001,0.154090909090909,1.58298701298701
336,0.0375500000000001,0.146298701298702,1.57519480519481
337,0.0379,0.147662337662338,1.57655844155844
338,0.0389,0.151558441558442,1.58045454545455
339,0.03905,0.152142857142857,1.58103896103896
340,0.04015,0.156428571428571,1.58532467532468
341,0.0384,0.14961038961039,1.57850649350649
342,0.03425,0.133441558441558,1.56233766233766
343,0.0314500000000001,0.122532467532468,1.55142857142857
344,0.0307500000000001,0.119805194805195,1.5487012987013
345,0.0335000000000001,0.130519480519481,1.55941558441558
346,0.0348000000000001,0.135584415584416,1.56448051948052
347,0.0336500000000001,0.131103896103897,1.56
348,0.02825,0.110064935064935,1.53896103896104
349,0.02175,0.0847402597402597,1.51363636363636
350,0.018,0.0701298701298701,1.49902597402597
351,0.0235000000000001,0.0915584415584419,1.52045454545455
352,0.0305000000000001,0.118831168831169,1.54772727272727
353,0.03235,0.126038961038961,1.55493506493506
354,0.0307000000000001,0.11961038961039,1.54850649350649
355,0.0252,0.0981818181818182,1.52707792207792
356,0.021,0.0818181818181818,1.51071428571429
357,0.01905,0.0742207792207792,1.50311688311688
358,0.0176500000000001,0.0687662337662342,1.49766233766234
359,0.0182500000000001,0.0711038961038965,1.5
360,0.0219,0.0853246753246753,1.51422077922078
361,0.023,0.0896103896103896,1.51850649350649
362,0.0205500000000001,0.0800649350649354,1.50896103896104
363,0.0166000000000001,0.0646753246753251,1.49357142857143
364,0.0146000000000001,0.0568831168831173,1.48577922077922
365,0.0152,0.0592207792207792,1.48811688311688
366,0.0152500000000001,0.0594155844155848,1.48831168831169
367,0.01105,0.0430519480519481,1.47194805194805
368,0.00335000000000008,0.0130519480519484,1.44194805194805
369,-0.00969999999999993,-0.0377922077922075,1.3911038961039
370,-0.01845,-0.0718831168831169,1.35701298701299
371,-0.0172,-0.067012987012987,1.36188311688312
372,-0.0117499999999999,-0.0457792207792204,1.38311688311688
373,-0.00819999999999999,-0.0319480519480519,1.39694805194805
374,-0.00659999999999994,-0.0257142857142855,1.40318181818182
375,-0.00784999999999991,-0.0305844155844152,1.39831168831169
376,-0.0122,-0.0475324675324675,1.38136363636364
377,-0.0157999999999999,-0.0615584415584412,1.36733766233766
378,-0.0156999999999999,-0.0611688311688308,1.36772727272727
379,-0.0136999999999999,-0.053376623376623,1.37551948051948
380,-0.00919999999999999,-0.0358441558441558,1.39305194805195
381,-0.00409999999999999,-0.0159740259740259,1.41292207792208
382,-0.00384999999999991,-0.0149999999999996,1.4138961038961
383,-0.000649999999999928,-0.00253246753246725,1.42636363636364
384,0.00380000000000003,0.0148051948051949,1.4437012987013
385,0.00785000000000002,0.0305844155844157,1.45948051948052
386,0.0081,0.0315584415584416,1.46045454545455
387,0.00750000000000006,0.0292207792207795,1.45811688311688
388,0.00535000000000008,0.0208441558441562,1.44974025974026
389,0.00250000000000006,0.00974025974025997,1.43863636363636
390,0.000200000000000089,0.000779220779221126,1.42967532467532
391,0.00385000000000002,0.0150000000000001,1.4438961038961
392,0.01175,0.0457792207792208,1.47467532467532
393,0.0178,0.0693506493506493,1.49824675324675
394,0.0195000000000001,0.0759740259740264,1.50487012987013
395,0.0165500000000001,0.0644805194805199,1.49337662337662
396,0.0112500000000001,0.0438311688311692,1.47272727272727
397,0.00730000000000008,0.0284415584415588,1.45733766233766
398,0.00665000000000004,0.0259090909090911,1.45480519480519
399,0.00860000000000005,0.0335064935064937,1.4624025974026
400,0.01095,0.0426623376623377,1.47155844155844
401,0.00970000000000004,0.0377922077922079,1.46668831168831
402,0.00430000000000008,0.0167532467532471,1.44564935064935
403,0.00140000000000007,0.00545454545454573,1.43435064935065
404,0.000400000000000067,0.00155844155844182,1.43045454545455
405,0.00209999999999999,0.00818181818181814,1.43707792207792
406,0.00380000000000003,0.0148051948051949,1.4437012987013
407,0.00420000000000009,0.0163636363636367,1.44525974025974
408,0.000700000000000034,0.00272727272727286,1.43162337662338
409,-0.00564999999999993,-0.0220129870129867,1.40688311688312
410,-0.01,-0.038961038961039,1.38993506493506
411,-0.00459999999999994,-0.0179220779220777,1.41097402597403
412,0.00425000000000009,0.0165584415584419,1.44545454545455
413,0.00945000000000007,0.0368181818181821,1.46571428571429
414,0.00745000000000007,0.0290259740259743,1.45792207792208
415,0.000450000000000061,0.00175324675324699,1.43064935064935
416,-0.00479999999999992,-0.0187012987012984,1.41019480519481
417,-0.00874999999999992,-0.0340909090909088,1.39480519480519
418,-0.0105,-0.0409090909090909,1.38798701298701
419,-0.00964999999999994,-0.0375974025974024,1.3912987012987
420,-0.00600000000000001,-0.0233766233766234,1.40551948051948
421,-0.003,-0.0116883116883117,1.41720779220779
422,-0.00514999999999999,-0.020064935064935,1.40883116883117
423,-0.00549999999999995,-0.0214285714285712,1.40746753246753
424,-0.00534999999999997,-0.0208441558441557,1.40805194805195
425,-0.00159999999999993,-0.00623376623376596,1.42266233766234
426,0.00209999999999999,0.00818181818181814,1.43707792207792
427,0.00275000000000003,0.0107142857142858,1.43961038961039
428,-0.000849999999999906,-0.00331168831168795,1.42558441558442
429,-0.00805,-0.0313636363636364,1.39753246753247
430,-0.0135,-0.0525974025974026,1.3762987012987
431,-0.0108499999999999,-0.0422727272727269,1.38662337662338
432,-0.00209999999999999,-0.00818181818181814,1.42071428571429
433,0.000350000000000072,0.00136363636363664,1.43025974025974
434,0.00109999999999999,0.00428571428571425,1.43318181818182
435,-0.00284999999999991,-0.0111038961038958,1.41779220779221
436,-0.00754999999999995,-0.0294155844155842,1.39948051948052
437,-0.0111,-0.0432467532467532,1.38564935064935
438,-0.0127499999999999,-0.0496753246753243,1.37922077922078
439,-0.0136499999999999,-0.0531818181818178,1.37571428571429
440,-0.0118499999999999,-0.0461688311688308,1.38272727272727
441,-0.0101,-0.0393506493506494,1.38954545454545
442,-0.0118499999999999,-0.0461688311688308,1.38272727272727
443,-0.01435,-0.0559090909090909,1.37298701298701
444,-0.01605,-0.0625324675324675,1.36636363636364
445,-0.01345,-0.0524025974025974,1.37649350649351
446,-0.0118999999999999,-0.046363636363636,1.38253246753247
447,-0.0101,-0.0393506493506494,1.38954545454545
448,-0.00924999999999998,-0.036038961038961,1.39285714285714
449,-0.01255,-0.0488961038961039,1.38
450,-0.0174,-0.0677922077922078,1.3611038961039
451,-0.0149999999999999,-0.0584415584415581,1.37045454545455
452,-0.00819999999999999,-0.0319480519480519,1.39694805194805
453,-0.00459999999999994,-0.0179220779220777,1.41097402597403
454,-0.00454999999999994,-0.0177272727272725,1.41116883116883
455,-0.00739999999999996,-0.0288311688311687,1.40006493506494
456,-0.0127499999999999,-0.0496753246753243,1.37922077922078
457,-0.01535,-0.0598051948051948,1.36909090909091
458,-0.01355,-0.0527922077922078,1.3761038961039
459,-0.00769999999999993,-0.0299999999999997,1.3988961038961
460,-0.00359999999999994,-0.0140259740259738,1.41487012987013
461,-0.00129999999999997,-0.00506493506493495,1.42383116883117
462,-0.00044999999999995,-0.00175324675324656,1.42714285714286
463,-0.00134999999999996,-0.0052597402597401,1.42363636363636
464,-0.00044999999999995,-0.00175324675324656,1.42714285714286
465,0.00375000000000003,0.0146103896103897,1.44350649350649
466,0.00785000000000002,0.0305844155844157,1.45948051948052
467,0.0104000000000001,0.0405194805194809,1.46941558441558
468,0.00955000000000006,0.0372077922077924,1.4661038961039
469,0.00395000000000001,0.0153896103896104,1.44428571428571
470,-0.00144999999999995,-0.00564935064935045,1.42324675324675
471,0.00260000000000005,0.0101298701298703,1.43902597402597
472,0.00890000000000002,0.0346753246753248,1.46357142857143
473,0.01215,0.0473376623376623,1.47623376623377
474,0.0135000000000001,0.052597402597403,1.48149350649351
475,0.0104500000000001,0.0407142857142861,1.46961038961039
476,0.0092000000000001,0.0358441558441562,1.46474025974026
477,0.00845000000000007,0.0329220779220782,1.46181818181818
478,0.00870000000000004,0.033896103896104,1.46279220779221
479,0.0112000000000001,0.043636363636364,1.47253246753247
480,0.0105000000000001,0.0409090909090913,1.46980519480519
481,0.00650000000000006,0.0253246753246756,1.45422077922078
482,0.00120000000000009,0.00467532467532503,1.43357142857143
483,-0.00159999999999993,-0.00623376623376596,1.42266233766234
484,-0.00144999999999995,-0.00564935064935045,1.42324675324675
485,0.000450000000000061,0.00175324675324699,1.43064935064935
486,0.00360000000000005,0.0140259740259742,1.44292207792208
487,0.00435000000000008,0.0169480519480523,1.44584415584416
488,0.000200000000000089,0.000779220779221126,1.42967532467532
489,-0.00574999999999992,-0.0224025974025971,1.40649350649351
490,-0.0123,-0.0479220779220779,1.38097402597403
491,-0.0099499999999999,-0.0387662337662334,1.39012987012987
492,-0.00129999999999997,-0.00506493506493495,1.42383116883117
493,0.00235000000000007,0.00915584415584443,1.43805194805195
494,-0.00214999999999999,-0.00837662337662334,1.42051948051948
495,-0.0091,-0.0354545454545455,1.39344155844156
496,-0.0142,-0.0553246753246753,1.37357142857143
497,-0.0179499999999999,-0.0699350649350645,1.35896103896104
498,-0.01615,-0.0629220779220779,1.36597402597403
499,-0.0127999999999999,-0.0498701298701295,1.37902597402597
500,-0.00864999999999994,-0.0337012987012985,1.39519480519481
501,-0.00849999999999995,-0.0331168831168829,1.39577922077922
502,-0.01255,-0.0488961038961039,1.38
503,-0.02025,-0.0788961038961039,1.35
504,-0.02655,-0.103441558441558,1.32545454545455
505,-0.02615,-0.101883116883117,1.32701298701299
506,-0.02335,-0.090974025974026,1.33792207792208
507,-0.0217499999999999,-0.0847402597402594,1.34415584415584
508,-0.02155,-0.083961038961039,1.34493506493506
509,-0.0206999999999999,-0.0806493506493502,1.34824675324675
510,-0.0185999999999999,-0.0724675324675321,1.35642857142857
511,-0.00879999999999992,-0.034285714285714,1.39461038961039
512,0.00625000000000009,0.0243506493506497,1.45324675324675
513,0.0174500000000001,0.0679870129870134,1.49688311688312
514,0.0281,0.109480519480519,1.53837662337662
515,0.0377000000000001,0.146883116883117,1.57577922077922
516,0.0515,0.200649350649351,1.62954545454545
517,0.06835,0.266298701298701,1.6951948051948
518,0.0900500000000001,0.350844155844156,1.77974025974026
519,0.11635,0.453311688311688,1.88220779220779
520,0.14545,0.566688311688312,1.99558441558442
521,0.17575,0.68474025974026,2.11363636363636
522,0.20595,0.802402597402597,2.2312987012987
523,0.2387,0.93,2.3588961038961
524,0.2713,1.05701298701299,2.48590909090909
525,0.30605,1.1924025974026,2.6212987012987
526,0.3433,1.33753246753247,2.76642857142857
527,0.3798,1.47974025974026,2.90863636363636
528,0.41175,1.60422077922078,3.03311688311688
529,0.44175,1.7211038961039,3.15
530,0.43805,1.70668831168831,3.13558441558442
531,0.43435,1.69227272727273,3.12116883116883
532,0.4306,1.67766233766234,3.10655844155844
533,0.4269,1.66324675324675,3.09214285714286
534,0.4234,1.64961038961039,3.07850649350649
535,0.42045,1.63811688311688,3.06701298701299
536,0.41595,1.62058441558442,3.04948051948052
537,0.412,1.60519480519481,3.03409090909091
538,0.4085,1.59155844155844,3.02045454545455
539,0.4047,1.57675324675325,3.00564935064935
540,0.401,1.56233766233766,2.99123376623377
541,0.3975,1.5487012987013,2.9775974025974
542,0.39375,1.53409090909091,2.96298701298701
543,0.39015,1.52006493506494,2.94896103896104
544,0.3861,1.50428571428571,2.93318181818182
545,0.37545,1.46279220779221,2.89168831168831
546,0.3324,1.29506493506494,2.72396103896104
547,0.27615,1.07590909090909,2.50480519480519
548,0.2031,0.791298701298701,2.2201948051948
549,0.1232,0.48,1.9088961038961
550,0.0446000000000001,0.173766233766234,1.60266233766234
551,-0.0296,-0.115324675324675,1.31357142857143
552,-0.10005,-0.389805194805195,1.03909090909091
553,-0.1609,-0.626883116883117,0.802012987012987
554,-0.2111,-0.822467532467532,0.606428571428571
555,-0.25315,-0.986298701298701,0.442597402597402
556,-0.28435,-1.10785714285714,0.321038961038961
557,-0.30415,-1.185,0.243896103896104
558,-0.31835,-1.24032467532468,0.188571428571428
559,-0.32825,-1.2788961038961,0.15
560,-0.3277,-1.27675324675325,0.152142857142857
561,-0.3204,-1.24831168831169,0.180584415584415
562,-0.3084,-1.20155844155844,0.227337662337662
563,-0.2904,-1.13142857142857,0.297467532467532
564,-0.26915,-1.04863636363636,0.38025974025974
565,-0.2466,-0.960779220779221,0.468116883116883
566,-0.22225,-0.865909090909091,0.562987012987013
567,-0.20295,-0.790714285714286,0.638181818181818
568,-0.1915,-0.746103896103896,0.682792207792208
569,-0.18395,-0.716688311688312,0.712207792207792
570,-0.17675,-0.688636363636364,0.74025974025974
571,-0.1629,-0.634675324675325,0.794220779220779
572,-0.1473,-0.573896103896104,0.855
573,-0.13645,-0.531623376623377,0.897272727272727
574,-0.13115,-0.510974025974026,0.917922077922078
575,-0.1324,-0.515844155844156,0.913051948051948
576,-0.13505,-0.526168831168831,0.902727272727272
577,-0.1385,-0.53961038961039,0.889285714285714
578,-0.1359,-0.529480519480519,0.899415584415584
579,-0.13275,-0.517207792207792,0.911688311688311
580,-0.12835,-0.500064935064935,0.928831168831169
581,-0.1248,-0.486233766233766,0.942662337662338
582,-0.12365,-0.481753246753247,0.947142857142857
583,-0.1222,-0.476103896103896,0.952792207792208
584,-0.11685,-0.45525974025974,0.973636363636363
585,-0.1078,-0.42,1.0088961038961
586,-0.10175,-0.396428571428571,1.03246753246753
587,-0.0982499999999999,-0.382792207792207,1.0461038961039
588,-0.0978,-0.381038961038961,1.04785714285714
589,-0.0985999999999999,-0.384155844155844,1.04474025974026
590,-0.0971,-0.378311688311688,1.05058441558442
591,-0.08995,-0.350454545454545,1.07844155844156
592,-0.0822499999999999,-0.320454545454545,1.10844155844156
593,-0.0799,-0.311298701298701,1.1175974025974
594,-0.0815499999999999,-0.317727272727272,1.11116883116883
595,-0.0852999999999999,-0.332337662337662,1.09655844155844
596,-0.09265,-0.360974025974026,1.06792207792208
597,-0.0986499999999999,-0.384350649350649,1.04454545454545
598,-0.1027,-0.40012987012987,1.02876623376623
599,-0.1021,-0.397792207792208,1.0311038961039
600,-0.0965499999999999,-0.376168831168831,1.05272727272727
601,-0.0944499999999999,-0.367987012987013,1.06090909090909
602,-0.0967,-0.376753246753247,1.05214285714286
603,-0.096,-0.374025974025974,1.05487012987013
604,-0.09375,-0.36525974025974,1.06363636363636
605,-0.08805,-0.343051948051948,1.08584415584416
606,-0.0837,-0.326103896103896,1.10279220779221
607,-0.08275,-0.322402597402597,1.10649350649351
608,-0.0862499999999999,-0.336038961038961,1.09285714285714
609,-0.0912499999999999,-0.35551948051948,1.07337662337662
610,-0.09165,-0.357077922077922,1.07181818181818
611,-0.0857,-0.333896103896104,1.095
612,-0.0781999999999999,-0.304675324675324,1.12422077922078
613,-0.0743499999999999,-0.289675324675324,1.13922077922078
614,-0.0716,-0.278961038961039,1.14993506493506
615,-0.0729,-0.284025974025974,1.14487012987013
616,-0.07365,-0.286948051948052,1.14194805194805
617,-0.0738,-0.287532467532468,1.14136363636364
618,-0.0714499999999999,-0.278376623376623,1.15051948051948
619,-0.0655,-0.255194805194805,1.1737012987013
620,-0.0609999999999999,-0.237662337662337,1.19123376623377
621,-0.0572999999999999,-0.223246753246753,1.20564935064935
622,-0.0584,-0.227532467532468,1.20136363636364
623,-0.05965,-0.232402597402597,1.19649350649351
624,-0.0584,-0.227532467532468,1.20136363636364
625,-0.05355,-0.208636363636364,1.22025974025974
626,-0.0449499999999999,-0.17512987012987,1.25376623376623
627,-0.0428999999999999,-0.167142857142857,1.26175324675325
628,-0.0460999999999999,-0.179610389610389,1.24928571428571
629,-0.05135,-0.200064935064935,1.22883116883117
630,-0.0539999999999999,-0.21038961038961,1.21850649350649
631,-0.0491499999999999,-0.191493506493506,1.2374025974026
632,-0.0405,-0.157792207792208,1.2711038961039
633,-0.0352,-0.137142857142857,1.29175324675325
634,-0.0307999999999999,-0.12,1.3088961038961
635,-0.03135,-0.122142857142857,1.30675324675325
636,-0.0328999999999999,-0.128181818181818,1.30071428571429
637,-0.0366,-0.142597402597403,1.2862987012987
638,-0.0377,-0.146883116883117,1.28201298701299
639,-0.03835,-0.149415584415584,1.27948051948052
640,-0.0376,-0.146493506493507,1.2824025974026
641,-0.03845,-0.149805194805195,1.27909090909091
642,-0.03955,-0.154090909090909,1.27480519480519
643,-0.04275,-0.166558441558442,1.26233766233766
644,-0.04135,-0.161103896103896,1.26779220779221
645,-0.0328999999999999,-0.128181818181818,1.30071428571429
646,-0.02765,-0.107727272727273,1.32116883116883
647,-0.0254,-0.098961038961039,1.32993506493506
648,-0.0282,-0.10987012987013,1.31902597402597
649,-0.0329499999999999,-0.128376623376623,1.30051948051948
650,-0.0373,-0.145324675324675,1.28357142857143
651,-0.0327999999999999,-0.127792207792207,1.3011038961039
652,-0.0246999999999999,-0.0962337662337658,1.33266233766234
653,-0.0175999999999999,-0.0685714285714282,1.36032467532468
654,-0.01545,-0.0601948051948052,1.3687012987013
655,-0.0158499999999999,-0.0617532467532464,1.36714285714286
656,-0.0185,-0.0720779220779221,1.35681818181818
657,-0.0207499999999999,-0.0808441558441555,1.34805194805195
658,-0.01945,-0.0757792207792208,1.35311688311688
659,-0.01645,-0.0640909090909091,1.36480519480519
660,-0.01335,-0.052012987012987,1.37688311688312
661,-0.0129499999999999,-0.0504545454545451,1.37844155844156
662,-0.0159999999999999,-0.0623376623376619,1.36655844155844
663,-0.0156999999999999,-0.0611688311688308,1.36772727272727
664,-0.0118999999999999,-0.046363636363636,1.38253246753247
665,-0.00769999999999993,-0.0299999999999997,1.3988961038961
666,-0.00719999999999998,-0.028051948051948,1.40084415584416
667,-0.011,-0.0428571428571429,1.38603896103896
668,-0.01435,-0.0559090909090909,1.37298701298701
669,-0.0144,-0.0561038961038961,1.37279220779221
670,-0.0137999999999999,-0.0537662337662334,1.37512987012987
671,-0.0115,-0.0448051948051948,1.38409090909091
672,-0.00634999999999997,-0.0247402597402596,1.40415584415584
673,-0.00314999999999999,-0.0122727272727272,1.41662337662338
674,-0.00584999999999991,-0.0227922077922074,1.4061038961039
675,-0.00839999999999996,-0.0327272727272726,1.39616883116883
676,-0.00764999999999993,-0.0298051948051945,1.39909090909091
677,-0.00854999999999995,-0.0333116883116881,1.39558441558442
678,-0.00984999999999991,-0.038376623376623,1.39051948051948
679,-0.00939999999999996,-0.0366233766233765,1.39227272727273
680,-0.00584999999999991,-0.0227922077922074,1.4061038961039
681,-0.00479999999999992,-0.0187012987012984,1.41019480519481
682,-0.00384999999999991,-0.0149999999999996,1.4138961038961
683,-0.00159999999999993,-0.00623376623376596,1.42266233766234
684,0.000650000000000039,0.00253246753246768,1.43142857142857
685,0.00340000000000007,0.0132467532467535,1.44214285714286
686,0.00725000000000009,0.0282467532467536,1.45714285714286
687,0.00955000000000006,0.0372077922077924,1.4661038961039
688,0.00420000000000009,0.0163636363636367,1.44525974025974
689,-0.00244999999999995,-0.00954545454545435,1.41935064935065
690,-0.00634999999999997,-0.0247402597402596,1.40415584415584
691,0.00055000000000005,0.00214285714285734,1.43103896103896
692,0.0102000000000001,0.0397402597402601,1.46863636363636
693,0.01415,0.0551298701298701,1.48402597402597
694,0.0114000000000001,0.0444155844155848,1.47331168831169
695,0.00475000000000003,0.0185064935064936,1.4474025974026
696,-0.00444999999999995,-0.0173376623376621,1.41155844155844
697,-0.0107499999999999,-0.0418831168831165,1.38701298701299
698,-0.0107499999999999,-0.0418831168831165,1.38701298701299
699,-0.00774999999999992,-0.0301948051948049,1.3987012987013
700,-0.00779999999999992,-0.0303896103896101,1.39850649350649
701,-0.0105999999999999,-0.0412987012987009,1.3875974025974
702,-0.01635,-0.0637012987012987,1.3651948051948
703,-0.02015,-0.0785064935064935,1.35038961038961
704,-0.0186499999999999,-0.0726623376623373,1.35623376623377
705,-0.0129999999999999,-0.0506493506493503,1.37824675324675
706,-0.00734999999999997,-0.0286363636363635,1.40025974025974
707,-0.00429999999999997,-0.0167532467532466,1.41214285714286
708,-0.00664999999999993,-0.0259090909090906,1.40298701298701
709,-0.0134,-0.0522077922077922,1.37668831168831
710,-0.01705,-0.0664285714285714,1.36246753246753
711,-0.0113,-0.044025974025974,1.38487012987013
712,-0.0028999999999999,-0.0112987012987009,1.4175974025974
713,0.00340000000000007,0.0132467532467535,1.44214285714286
714,0.00860000000000005,0.0335064935064937,1.4624025974026
715,0.00790000000000002,0.0307792207792209,1.45967532467532
716,0.00790000000000002,0.0307792207792209,1.45967532467532
717,0.00605,0.0235714285714286,1.45246753246753
718,0.00800000000000001,0.0311688311688312,1.46006493506493
719,0.01175,0.0457792207792208,1.47467532467532
720,0.0156500000000001,0.0609740259740264,1.48987012987013
721,0.01675,0.0652597402597403,1.49415584415584
722,0.0141,0.0549350649350649,1.48383116883117
723,0.0144500000000001,0.0562987012987017,1.48519480519481
724,0.018,0.0701298701298701,1.49902597402597
725,0.022,0.0857142857142857,1.51461038961039
726,0.0246000000000001,0.0958441558441562,1.52474025974026
727,0.02605,0.101493506493506,1.53038961038961
728,0.022,0.0857142857142857,1.51461038961039
729,0.01795,0.0699350649350649,1.49883116883117
730,0.01495,0.0582467532467532,1.48714285714286
731,0.0175500000000001,0.0683766233766238,1.49727272727273
732,0.0235000000000001,0.0915584415584419,1.52045454545455
733,0.0243500000000001,0.0948701298701303,1.52376623376623
734,0.02115,0.0824025974025974,1.5112987012987
735,0.01685,0.0656493506493507,1.49454545454545
736,0.0136000000000001,0.0529870129870134,1.48188311688312
737,0.0115000000000001,0.0448051948051952,1.4737012987013
738,0.0122500000000001,0.0477272727272731,1.47662337662338
739,0.01615,0.0629220779220779,1.49181818181818
740,0.0255500000000001,0.0995454545454549,1.52844155844156
741,0.03315,0.129155844155844,1.55805194805195
742,0.03215,0.12525974025974,1.55415584415584
743,0.0326000000000001,0.127012987012987,1.55590909090909
744,0.03385,0.131883116883117,1.56077922077922
745,0.03405,0.132662337662338,1.56155844155844
746,0.0337500000000001,0.131493506493507,1.56038961038961
747,0.03185,0.124090909090909,1.55298701298701
748,0.0258,0.100519480519481,1.52941558441558
749,0.0203500000000001,0.0792857142857147,1.50818181818182
750,0.01995,0.0777272727272727,1.50662337662338
751,0.02605,0.101493506493506,1.53038961038961
752,0.0346500000000001,0.135,1.5638961038961
753,0.0393,0.153116883116883,1.58201298701299
754,0.03995,0.155649350649351,1.58454545454545
755,0.037,0.144155844155844,1.57305194805195
756,0.03495,0.136168831168831,1.56506493506493
757,0.0355500000000001,0.138506493506494,1.5674025974026
758,0.0353,0.137532467532468,1.56642857142857
759,0.0339,0.132077922077922,1.56097402597403
760,0.0347500000000001,0.135389610389611,1.56428571428571
761,0.0335000000000001,0.130519480519481,1.55941558441558
762,0.029,0.112987012987013,1.54188311688312
763,0.02795,0.108896103896104,1.53779220779221
764,0.0289,0.112597402597403,1.54149350649351
765,0.0331,0.128961038961039,1.55785714285714
766,0.0368000000000001,0.143376623376624,1.57227272727273
767,0.03605,0.140454545454545,1.56935064935065
768,0.03235,0.126038961038961,1.55493506493506
769,0.0278,0.108311688311688,1.53720779220779
770,0.02795,0.108896103896104,1.53779220779221
771,0.03695,0.143961038961039,1.57285714285714
772,0.04515,0.175909090909091,1.60480519480519
773,0.0511,0.199090909090909,1.62798701298701
774,0.0535500000000001,0.208636363636364,1.63753246753247
775,0.0524,0.204155844155844,1.63305194805195
776,0.0537000000000001,0.20922077922078,1.63811688311688
777,0.0589500000000001,0.229675324675325,1.65857142857143
778,0.0656,0.255584415584416,1.68448051948052
779,0.07015,0.273311688311688,1.70220779220779
780,0.0777500000000001,0.302922077922078,1.73181818181818
781,0.0809000000000001,0.315194805194806,1.74409090909091
782,0.07925,0.308766233766234,1.73766233766234
783,0.0783,0.305064935064935,1.73396103896104
784,0.0778000000000001,0.303116883116884,1.73201298701299
785,0.08045,0.313441558441558,1.74233766233766
786,0.0827,0.322207792207792,1.7511038961039
787,0.0854,0.332727272727273,1.76162337662338
788,0.0857,0.333896103896104,1.76279220779221
789,0.08455,0.329415584415584,1.75831168831169
790,0.08435,0.328636363636364,1.75753246753247
791,0.0891500000000001,0.347337662337663,1.77623376623377
792,0.0929000000000001,0.361948051948052,1.79084415584416
793,0.09445,0.367987012987013,1.79688311688312
794,0.0940500000000001,0.366428571428572,1.79532467532468
795,0.0921000000000001,0.358831168831169,1.78772727272727
796,0.0899500000000001,0.350454545454546,1.77935064935065
797,0.0902500000000001,0.351623376623377,1.78051948051948
798,0.0929500000000001,0.362142857142858,1.79103896103896
799,0.0980000000000001,0.381818181818182,1.81071428571429
800,0.1039,0.404805194805195,1.8337012987013
801,0.1073,0.418051948051948,1.84694805194805
802,0.1085,0.422727272727273,1.85162337662338
803,0.11175,0.43538961038961,1.86428571428571
804,0.1144,0.445714285714286,1.87461038961039
805,0.1193,0.464805194805195,1.8937012987013
806,0.1256,0.489350649350649,1.91824675324675
807,0.12935,0.503961038961039,1.93285714285714
808,0.1312,0.511168831168831,1.94006493506493
809,0.13255,0.516428571428571,1.94532467532468
810,0.13345,0.519935064935065,1.94883116883117
811,0.1397,0.544285714285714,1.97318181818182
812,0.14855,0.578766233766234,2.00766233766234
813,0.1538,0.599220779220779,2.02811688311688
814,0.1568,0.610909090909091,2.03980519480519
815,0.15795,0.61538961038961,2.04428571428571
816,0.15985,0.622792207792208,2.05168831168831
817,0.1584,0.617142857142857,2.04603896103896
818,0.1564,0.609350649350649,2.03824675324675
819,0.15485,0.603311688311688,2.03220779220779
820,0.15235,0.593571428571429,2.02246753246753
821,0.14835,0.577987012987013,2.00688311688312
822,0.14615,0.569415584415584,1.99831168831169
823,0.1494,0.582077922077922,2.01097402597403
824,0.15275,0.59512987012987,2.02402597402597
825,0.15565,0.606428571428571,2.03532467532467
826,0.1578,0.614805194805195,2.0437012987013
827,0.15725,0.612662337662338,2.04155844155844
828,0.1525,0.594155844155844,2.02305194805195
829,0.1473,0.573896103896104,2.00279220779221
830,0.1427,0.555974025974026,1.98487012987013
831,0.1437,0.55987012987013,1.98876623376623
832,0.149,0.58051948051948,2.00941558441558
833,0.15235,0.593571428571429,2.02246753246753
834,0.14965,0.583051948051948,2.01194805194805
835,0.1415,0.551298701298701,1.98019480519481
836,0.13685,0.533181818181818,1.96207792207792
837,0.13395,0.521883116883117,1.95077922077922
838,0.13155,0.512532467532468,1.94142857142857
839,0.1353,0.527142857142857,1.95603896103896
840,0.1402,0.546233766233766,1.97512987012987
841,0.14565,0.567467532467532,1.99636363636364
842,0.1447,0.563766233766234,1.99266233766234
843,0.13775,0.536688311688312,1.96558441558442
844,0.1306,0.508831168831169,1.93772727272727
845,0.12945,0.504350649350649,1.93324675324675
846,0.1301,0.506883116883117,1.93577922077922
847,0.1279,0.498311688311688,1.92720779220779
848,0.1214,0.472987012987013,1.90188311688312
849,0.1128,0.439480519480519,1.86837662337662
850,0.1051,0.40948051948052,1.83837662337662
851,0.10545,0.410844155844156,1.83974025974026
852,0.10865,0.423311688311688,1.85220779220779
853,0.1103,0.42974025974026,1.85863636363636
854,0.1046,0.407532467532468,1.83642857142857
855,0.0945,0.368181818181818,1.79707792207792
856,0.0888500000000001,0.346168831168832,1.77506493506494
857,0.08425,0.328246753246753,1.75714285714286
858,0.0807,0.314415584415584,1.74331168831169
859,0.0760500000000001,0.296298701298702,1.72519480519481
860,0.0740500000000001,0.288506493506494,1.7174025974026
861,0.0671,0.261428571428571,1.69032467532468
862,0.0542,0.211168831168831,1.64006493506493
863,0.0435500000000001,0.169675324675325,1.59857142857143
864,0.03925,0.152922077922078,1.58181818181818
865,0.0356500000000001,0.138896103896104,1.56779220779221
866,0.0325500000000001,0.126818181818182,1.55571428571429
867,0.0253500000000001,0.0987662337662342,1.52766233766234
868,0.0122000000000001,0.0475324675324679,1.47642857142857
869,-0.00129999999999997,-0.00506493506493495,1.42383116883117
870,-0.0122,-0.0475324675324675,1.38136363636364
871,-0.0156499999999999,-0.0609740259740256,1.36792207792208
872,-0.01745,-0.067987012987013,1.36090909090909
873,-0.0215,-0.0837662337662338,1.34512987012987
874,-0.0268999999999999,-0.104805194805194,1.32409090909091
875,-0.0357999999999999,-0.139480519480519,1.28941558441558
876,-0.0452499999999999,-0.176298701298701,1.2525974025974
877,-0.0592999999999999,-0.231038961038961,1.19785714285714
878,-0.0692999999999999,-0.27,1.1588961038961
879,-0.07665,-0.298636363636364,1.13025974025974
880,-0.0810999999999999,-0.315974025974026,1.11292207792208
881,-0.08985,-0.350064935064935,1.07883116883117
882,-0.0995499999999999,-0.387857142857142,1.04103896103896
883,-0.10595,-0.412792207792208,1.0161038961039
884,-0.10935,-0.426038961038961,1.00285714285714
885,-0.10765,-0.419415584415584,1.00948051948052
886,-0.10895,-0.42448051948052,1.00441558441558
887,-0.1156,-0.45038961038961,0.978506493506493
888,-0.12495,-0.486818181818182,0.942077922077922
889,-0.13275,-0.517207792207792,0.911688311688311
890,-0.1392,-0.542337662337662,0.886558441558441
891,-0.14,-0.545454545454546,0.883441558441558
892,-0.1386,-0.54,0.888896103896104
893,-0.1418,-0.552467532467533,0.876428571428571
894,-0.14755,-0.57487012987013,0.854025974025974
895,-0.1534,-0.597662337662338,0.831233766233766
896,-0.15925,-0.620454545454545,0.808441558441558
897,-0.16805,-0.65474025974026,0.774155844155844
898,-0.17495,-0.681623376623377,0.747272727272727
899,-0.1757,-0.684545454545455,0.744350649350649
900,-0.17505,-0.682012987012987,0.746883116883117
901,-0.17755,-0.691753246753247,0.737142857142857
902,-0.18195,-0.708896103896104,0.72
903,-0.18675,-0.727597402597403,0.701298701298701
904,-0.18845,-0.734220779220779,0.694675324675324
905,-0.1867,-0.727402597402597,0.701493506493506
906,-0.18495,-0.720584415584416,0.708311688311688
907,-0.18605,-0.72487012987013,0.704025974025974
908,-0.18985,-0.739675324675325,0.689220779220779
909,-0.19615,-0.764220779220779,0.664675324675325
910,-0.20305,-0.791103896103896,0.637792207792208
911,-0.20385,-0.794220779220779,0.634675324675324
912,-0.1992,-0.776103896103896,0.652792207792208
913,-0.1995,-0.777272727272727,0.651623376623376
914,-0.2007,-0.781948051948052,0.646948051948052
915,-0.2017,-0.785844155844156,0.643051948051948
916,-0.2031,-0.791298701298701,0.637597402597402
917,-0.2037,-0.793636363636364,0.63525974025974
918,-0.20035,-0.780584415584416,0.648311688311688
919,-0.1963,-0.764805194805195,0.664090909090909
920,-0.18955,-0.738506493506493,0.69038961038961
921,-0.18395,-0.716688311688312,0.712207792207792
922,-0.1834,-0.714545454545455,0.714350649350649
923,-0.18265,-0.711623376623377,0.717272727272727
924,-0.18275,-0.712012987012987,0.716883116883117
925,-0.1822,-0.70987012987013,0.719025974025974
926,-0.18,-0.701298701298701,0.727597402597402
927,-0.18215,-0.709675324675325,0.719220779220779
928,-0.18335,-0.714350649350649,0.714545454545454
929,-0.18595,-0.72448051948052,0.704415584415584
930,-0.1915,-0.746103896103896,0.682792207792208
931,-0.1862,-0.725454545454545,0.703441558441558
932,-0.17495,-0.681623376623377,0.747272727272727
933,-0.16985,-0.661753246753247,0.767142857142857
934,-0.16775,-0.653571428571429,0.775324675324675
935,-0.1728,-0.673246753246753,0.75564935064935
936,-0.1775,-0.691558441558441,0.737337662337662
937,-0.18115,-0.705779220779221,0.723116883116883
938,-0.18145,-0.706948051948052,0.721948051948052
939,-0.17815,-0.694090909090909,0.734805194805195
940,-0.1695,-0.66038961038961,0.768506493506493
941,-0.1632,-0.635844155844156,0.793051948051948
942,-0.1635,-0.637012987012987,0.791883116883117
943,-0.1642,-0.63974025974026,0.789155844155844
944,-0.1652,-0.643636363636364,0.78525974025974
945,-0.16285,-0.634480519480519,0.794415584415584
946,-0.15825,-0.616558441558442,0.812337662337662
947,-0.1544,-0.601558441558442,0.827337662337662
948,-0.15205,-0.592402597402597,0.836493506493506
949,-0.1524,-0.593766233766234,0.83512987012987
950,-0.1533,-0.597272727272727,0.831623376623376
951,-0.14495,-0.56474025974026,0.864155844155844
952,-0.1348,-0.525194805194805,0.903701298701298
953,-0.13015,-0.507077922077922,0.921818181818182
954,-0.1312,-0.511168831168831,0.917727272727273
955,-0.13345,-0.519935064935065,0.908961038961039
956,-0.13545,-0.527727272727273,0.901168831168831
957,-0.134,-0.522077922077922,0.906818181818182
958,-0.12855,-0.500844155844156,0.928051948051948
959,-0.12285,-0.478636363636364,0.95025974025974
960,-0.1179,-0.459350649350649,0.969545454545454
961,-0.1149,-0.447662337662338,0.981233766233766
962,-0.11455,-0.446298701298701,0.982597402597402
963,-0.11245,-0.438116883116883,0.990779220779221
964,-0.1132,-0.441038961038961,0.987857142857143
965,-0.11335,-0.441623376623377,0.987272727272727
966,-0.1122,-0.437142857142857,0.991753246753247
967,-0.11095,-0.432272727272727,0.996623376623376
968,-0.11165,-0.435,0.993896103896104
969,-0.1119,-0.435974025974026,0.992922077922078
970,-0.1132,-0.441038961038961,0.987857142857143
971,-0.10885,-0.424090909090909,1.00480519480519
972,-0.1029,-0.400909090909091,1.02798701298701
973,-0.0999,-0.389220779220779,1.03967532467532
974,-0.09915,-0.386298701298701,1.0425974025974
975,-0.0982999999999999,-0.382987012987013,1.04590909090909
976,-0.0948,-0.369350649350649,1.05954545454545
977,-0.0914999999999999,-0.356493506493506,1.0724025974026
978,-0.0871,-0.339350649350649,1.08954545454545
979,-0.0853499999999999,-0.332532467532467,1.09636363636364
980,-0.08285,-0.322792207792208,1.1061038961039
981,-0.0801999999999999,-0.312467532467532,1.11642857142857
982,-0.0804499999999999,-0.313441558441558,1.11545454545455
983,-0.07875,-0.306818181818182,1.12207792207792
984,-0.07505,-0.292402597402597,1.13649350649351
985,-0.0703999999999999,-0.274285714285714,1.15461038961039
986,-0.0645,-0.251298701298701,1.1775974025974
987,-0.0616,-0.24,1.1888961038961
988,-0.0612999999999999,-0.238831168831168,1.19006493506494
989,-0.0649999999999999,-0.253246753246753,1.17564935064935
990,-0.06765,-0.263571428571429,1.16532467532468
991,-0.0621999999999999,-0.242337662337662,1.18655844155844
992,-0.05455,-0.212532467532468,1.21636363636364
993,-0.0511999999999999,-0.199480519480519,1.22941558441558
994,-0.05085,-0.198116883116883,1.23077922077922
995,-0.0520999999999999,-0.202987012987013,1.22590909090909
996,-0.05065,-0.197337662337662,1.23155844155844
997,-0.0506,-0.197142857142857,1.23175324675325
998,-0.0500499999999999,-0.195,1.2338961038961
999,-0.0498,-0.194025974025974,1.23487012987013
1000,-0.0493,-0.192077922077922,1.23681818181818
1001,-0.04875,-0.189935064935065,1.23896103896104
1002,-0.0493,-0.192077922077922,1.23681818181818
1003,-0.0488,-0.19012987012987,1.23876623376623
1004,-0.0448499999999999,-0.174740259740259,1.25415584415584
1005,-0.03835,-0.149415584415584,1.27948051948052
1006,-0.0347,-0.135194805194805,1.2937012987013
1007,-0.0355,-0.138311688311688,1.29058441558442
1008,-0.03965,-0.154480519480519,1.27441558441558
1009,-0.0463,-0.18038961038961,1.24850649350649
1010,-0.0508,-0.197922077922078,1.23097402597403
1011,-0.0470499999999999,-0.183311688311688,1.24558441558442
1012,-0.0397,-0.154675324675325,1.27422077922078
1013,-0.0345,-0.134415584415584,1.29448051948052
1014,-0.0357999999999999,-0.139480519480519,1.28941558441558
1015,-0.0369499999999999,-0.143961038961039,1.28493506493507
1016,-0.03635,-0.141623376623377,1.28727272727273
1017,-0.0345,-0.134415584415584,1.29448051948052
1018,-0.0319499999999999,-0.124480519480519,1.30441558441558
1019,-0.0288999999999999,-0.112597402597402,1.3162987012987
1020,-0.0238999999999999,-0.0931168831168827,1.33577922077922
1021,-0.0214,-0.0833766233766234,1.34551948051948
1022,-0.02335,-0.090974025974026,1.33792207792208
1023,-0.0266999999999999,-0.104025974025974,1.32487012987013
